ACCIDENT_YEAR,COLLISION_DATE,COLLISION_TIME,MONTH,SEASON,24HOURS,DAY_OF_WEEK,INTERSECTION,WEATHER_1,STATE_HWY_IND,ROAD_SURFACE,ROAD_COND_1,LIGHTING,STWD_VEHTYPE_AT_FAULT,CHP_VEHTYPE_AT_FAULT,DIRECTION,PCF_VIOL_CATEGORY,TYPE_OF_COLLISION,PEDESTRIAN_ACCIDENT,BICYCLE_ACCIDENT,MOTORCYCLE_ACCIDENT,TRUCK_ACCIDENT,MVIW,TOW_AWAY,HIT_AND_RUN,CONTROL_DEVICE,NUMBER_INJURED,COUNT_PED_INJURED,COUNT_BICYCLIST_INJURED,COUNT_MC_INJURED,PCF_VIOLATION,PARTY_COUNT,POINT_Y,POINT_X,COLLISION_SEVERITY
2015,2015-10-18,1428,10,3,14,7,N,A,Y,A,H,A,A,01,E,05,E,,,,,I,Y,N,D,2,0,0,0,21650.0,1,,,3
2015,2015-10-19,715,10,3,7,1,N,A,N,A,H,B,A,01,W,05,E,,,,,I,Y,N,D,1,0,0,0,21650.0,1,38.44475262,-120.69041381,3
2015,2015-10-27,1548,10,3,15,2,N,B,Y,A,H,A,A,01,W,05,D,,,,,C,Y,N,D,2,0,0,0,21460.0,2,38.45155546,-120.88042069,3
2015,2015-10-30,1445,10,3,14,5,N,A,Y,A,H,A,A,07,S,08,D,,,,,C,Y,N,D,1,0,0,0,22107.0,2,38.45436958,-120.86749567,4
2015,2015-10-26,1350,10,3,13,1,N,A,Y,A,H,A,D,22,E,21,B,,,,,C,Y,N,D,1,0,0,0,22106.0,2,38.34939941,-120.84718708,4
2015,2015-11-01,1900,11,3,19,7,N,B,Y,B,H,D,A,01,S,03,D,,,,,C,Y,N,D,2,0,0,0,22350.0,2,38.52860253,-120.84703313,4
2015,2015-11-08,1802,11,3,18,7,N,C,N,B,H,D,A,01,N,03,E,,,,,I,Y,N,D,1,0,0,0,22350.0,1,38.28143656,-120.93890651,3
2015,2015-11-08,1903,11,3,19,7,N,C,Y,B,H,D,D,22,N,03,F,,,,,A,Y,N,D,1,0,0,0,22350.0,1,38.37503204,-120.75706947,4
2015,2015-11-11,1515,11,3,15,3,N,A,N,A,H,A,A,01,E,05,F,,,,,A,Y,N,D,1,0,0,0,21650.0,1,38.53083765,-120.80289015,3
2015,2015-11-15,1405,11,3,14,7,N,D,Y,C,G,A,A,07,W,03,E,,,,,I,Y,N,A,1,0,0,0,22350.0,1,38.52801814,-120.4421895,2
2015,2015-11-12,755,11,3,7,4,N,A,Y,A,H,A,A,01,N,05,E,,,,,I,Y,N,D,1,0,0,0,21650.0,1,38.42199863,-120.5454983,4
2015,2015-11-18,1155,11,3,11,3,N,A,N,A,H,A,A,01,S,03,E,,,,,I,Y,N,D,1,0,0,0,22350.0,1,38.24294137,-120.88264061,3
2015,2015-11-19,1955,11,3,19,4,N,A,Y,A,H,D,A,07,W,01,E,,,,,I,Y,N,A,1,0,0,0,23152.0,1,38.47196,-120.52699501,4
2015,2015-11-22,1010,11,3,10,7,Y,A,Y,A,H,A,D,22,,08,D,,,,,C,Y,N,A,1,0,0,0,22100.0,2,38.41871635,-120.60625189,4
2015,2015-11-25,950,11,3,9,3,N,B,N,C,G,A,A,01,S,03,D,Y,,,,C,Y,N,A,1,1,0,0,22350.0,3,38.70063706,-120.07742902,4
2015,2015-11-19,900,11,3,9,4,N,A,Y,A,H,A,D,22,W,09,D,,,,,C,Y,N,D,1,0,0,0,21804.0,2,38.41605429,-120.60978939,3
2019,2019-12-18,1234,12,4,12,3,Y,A,N,A,H,A,A,01,,09,D,,,,,C,Y,N,D,1,0,0,0,21801.0,2,38.3790397644043,-120.80149841308594,3
2015,2015-11-18,1935,11,3,19,3,N,A,N,A,H,D,A,07,W,05,E,,,,,I,Y,N,D,1,0,0,0,21650.0,1,38.4402469,-120.57074207,3
2015,2015-12-02,2025,12,4,20,3,N,A,Y,A,H,C,A,07,W,05,E,,,,,I,Y,N,D,1,0,0,0,21650.0,1,38.41364344,-120.66047105,4
2015,2015-12-10,1240,12,4,12,4,N,B,N,B,H,A,A,01,E,03,E,,,,,I,Y,N,D,1,0,0,0,22350.0,1,38.40456722,-120.67213057,4
2015,2015-12-07,750,12,4,7,1,N,A,N,A,H,A,A,07,N,06,A,,,,,C,Y,N,D,2,0,0,0,21751.0,2,38.26128271,-120.87911884,4
2015,2015-12-09,1310,12,4,13,3,N,B,Y,A,H,A,A,01,N,21,C,,,,,C,N,N,D,1,0,0,0,22106.0,2,38.36722168,-120.79592135,4
2015,2015-12-08,1902,12,4,19,2,N,E,Y,A,H,D,A,01,S,05,A,,,,,A,Y,N,D,2,0,0,0,21460.0,2,38.41606673,-120.84002109,3
2015,2015-12-11,1440,12,4,14,5,N,A,N,A,H,A,A,07,E,09,D,,,,,C,Y,N,D,5,0,0,0,21804.0,2,38.48841828,-120.83504,3
2015,2015-12-14,1425,12,4,14,1,N,A,Y,A,H,A,A,07,N,03,C,,,,,C,Y,N,A,1,0,0,0,22350.0,2,38.36853174,-120.79694186,4
2015,2015-12-06,1815,12,4,18,7,N,A,N,A,H,D,C,02,N,05,E,,,Y,,I,Y,N,D,0,0,0,0,21650.0,1,38.50433922,-120.82613468,1
2015,2015-12-14,1130,12,4,11,1,N,A,Y,C,H,A,D,22,W,05,E,,,,,I,Y,N,A,1,0,0,0,21650.0,1,38.44912306,-120.52787272,2
2015,2015-12-14,1210,12,4,12,1,N,A,N,A,H,A,A,07,N,13,F,,,,,A,Y,N,D,1,0,0,0,22515.0,1,38.31405,-120.72106,2
2015,2015-12-28,1830,12,4,18,1,N,B,Y,A,H,D,D,22,W,01,F,,,,,A,Y,N,D,1,0,0,0,23152.0,1,38.38822114,-120.67492521,3
2015,2015-12-29,1355,12,4,13,2,Y,A,N,A,H,A,A,07,,09,D,,,,,C,Y,N,A,1,0,0,0,21802.0,2,38.40041993,-120.73259996,4
2015,2015-12-29,540,12,4,5,2,N,A,N,A,H,D,A,01,E,05,E,,,,,I,Y,N,D,1,0,0,0,21650.0,1,38.4823877,-120.82209789,4
2015,2015-12-26,1120,12,4,11,6,N,A,Y,C,H,A,A,01,E,03,E,,,,,I,Y,N,D,4,0,0,0,22350.0,1,,,3
2015,2015-12-30,1230,12,4,12,3,N,A,Y,C,H,A,A,01,W,03,E,,,,,I,Y,N,D,1,0,0,0,22350.0,1,38.62831045,-120.21159999,4
2015,2015-12-26,2300,12,4,23,6,N,A,N,A,H,D,A,07,W,03,E,,,,,I,Y,N,D,2,0,0,0,22350.0,1,38.42422,-121.00667,3
2016,2016-01-06,1700,1,4,17,3,N,D,Y,C,H,D,-,99,W,03,C,,,,,C,Y,M,D,1,0,0,0,22350.0,2,38.53934668,-120.39285937,4
2016,2016-01-10,1330,1,4,13,7,N,A,N,A,H,A,C,02,W,05,F,,,Y,,A,Y,N,D,1,0,0,1,21650.0,1,38.25552915,-120.88721869,2
2016,2016-01-12,1320,1,4,13,2,N,A,Y,B,H,A,D,22,W,05,E,,,,,I,N,N,D,1,0,0,0,21650.0,1,38.59694384,-120.22346643,3
2016,2016-01-12,1130,1,4,11,2,N,A,Y,A,H,A,A,01,E,05,E,,,,,I,Y,N,D,2,0,0,0,21650.0,1,38.42065421,-120.60062359,3
2015,2015-12-23,1415,12,4,14,3,N,A,N,A,G,A,L,04,S,03,F,,Y,,,A,N,N,D,1,0,1,0,22350.0,1,38.28592095,-120.92861925,3
2016,2016-01-16,825,1,4,8,6,N,B,Y,B,H,A,D,22,W,05,E,,,,,I,Y,N,D,1,0,0,0,21650.0,1,,,4
2016,2016-01-07,2150,1,4,21,4,N,E,N,B,H,D,A,01,S,08,E,,,,,I,Y,N,D,3,0,0,0,22107.0,1,38.34572,-120.75734,4
2016,2016-01-12,1540,1,4,15,2,Y,B,Y,A,H,A,A,07,,09,A,,,,,C,N,N,A,2,0,0,0,21801.0,2,38.3650691,-120.79878572,4
2016,2016-01-16,930,1,4,9,6,N,B,Y,C,G,A,A,07,W,03,A,,,,,C,Y,N,A,2,0,0,0,22350.0,2,38.7051857,-120.1013088,3
2016,2016-01-28,2000,1,4,20,4,N,B,Y,A,H,D,A,01,E,03,E,,,,,I,Y,N,D,1,0,0,0,22350.0,1,38.33024932,-120.90637581,3
2016,2016-01-29,1700,1,4,17,5,N,B,Y,B,H,A,A,01,N,03,C,,,,,C,N,N,A,2,0,0,0,22350.0,2,38.36565291,-120.78952882,4
2016,2016-01-25,1040,1,4,10,1,Y,A,Y,A,H,A,D,22,,09,D,,,,,C,Y,N,A,1,0,0,0,21802.0,2,38.40556412,-120.64594101,4
2016,2016-01-31,1630,1,4,16,7,N,B,Y,C,H,A,A,07,W,05,A,,,,,C,Y,N,D,4,0,0,0,21650.0,2,38.50981561,-120.48993493,3
2016,2016-02-04,1825,2,4,18,4,N,A,Y,A,H,D,C,02,W,03,F,,,Y,,A,Y,N,D,1,0,0,1,22350.0,1,38.36059449,-120.81082824,4
2016,2016-02-05,1830,2,4,18,5,N,A,N,A,H,B,A,07,E,05,E,,,,,I,Y,N,D,1,0,0,0,21650.0,1,38.43630265,-120.74604402,3
2016,2016-02-05,1510,2,4,15,5,N,A,N,A,H,A,A,07,S,09,D,,,,,C,Y,N,A,1,0,0,0,21804.0,2,38.36015151,-120.80597364,4
2016,2016-02-14,1410,2,4,14,7,Y,A,Y,A,H,A,C,02,,05,D,,,Y,,C,Y,N,D,2,0,0,2,21460.0,2,38.46281568,-120.94429039,3
2016,2016-02-11,235,2,4,2,4,N,A,N,A,H,D,A,01,S,01,E,,,,,I,Y,N,D,1,0,0,0,23152.0,1,38.31493255,-120.91835439,2
2016,2016-02-12,1410,2,4,14,5,N,A,N,A,H,A,C,02,E,03,F,,,Y,,A,N,N,D,1,0,0,1,22350.0,1,38.48291093,-120.83533633,4
2016,2016-02-19,1230,2,4,12,5,N,A,N,A,H,A,A,01,S,05,E,,,,,I,Y,N,D,1,0,0,0,21650.0,1,38.51913559,-120.95348597,4
2016,2016-02-25,1730,2,4,17,4,Y,A,N,A,H,A,C,02,,05,E,,,Y,,I,N,N,D,1,0,0,1,21650.0,1,38.49368997,-120.58197989,3
2016,2016-02-24,2155,2,4,21,3,N,A,N,A,D,D,A,01,E,22,E,,,,,I,Y,N,D,1,0,0,0,,1,,,4
2016,2016-02-25,1530,2,4,15,4,N,A,N,A,G,A,A,07,E,05,F,,,,,A,Y,N,D,2,0,0,0,21650.0,1,38.45294929,-120.80464901,2
2016,2016-03-04,615,3,1,6,5,N,B,N,A,H,B,A,01,N,05,A,,,,,C,Y,N,D,1,0,0,0,21460.0,2,38.37182318,-120.76071227,3
2016,2016-03-02,500,3,1,5,3,N,A,Y,A,H,D,A,01,W,05,E,,,,,I,Y,N,D,1,0,0,0,21650.0,1,38.42119781,-120.55288218,3
2016,2016-03-01,750,3,1,7,2,N,A,N,A,H,A,F,25,S,05,E,,,,Y,I,Y,N,D,1,0,0,0,21650.0,1,38.28536333,-120.90473069,4
2016,2016-03-12,500,3,1,5,6,N,B,Y,B,H,D,D,22,N,05,E,,,,,I,Y,N,D,1,0,0,0,21650.0,1,38.4397598,-120.85464166,3
2016,2016-03-05,1232,3,1,12,6,N,C,Y,B,H,A,D,22,E,03,A,,,,,C,Y,N,D,2,0,0,0,22350.0,2,38.33020721,-120.90654685,3
2016,2016-03-05,1443,3,1,14,6,N,B,N,B,H,A,A,01,E,09,A,,,,,C,Y,N,D,2,0,0,0,21804.0,2,38.4221421,-121.00683622,4
2016,2016-03-10,35,3,1,0,4,N,B,N,B,H,D,A,07,S,05,E,,,,,I,N,N,D,1,0,0,0,21650.0,1,38.44526083,-120.51948037,3
2016,2016-03-05,1130,3,1,11,6,N,B,N,B,H,A,A,01,W,03,E,,,,,I,Y,N,A,1,0,0,0,22350.0,1,38.54598808,-120.73885774,4
2016,2016-03-12,2240,3,1,22,6,N,C,N,B,H,D,A,01,W,05,F,,,,,A,Y,N,D,1,0,0,0,21650.0,1,38.30248687,-120.90016186,4
2016,2016-03-11,1510,3,1,15,5,N,B,N,B,H,A,A,07,S,08,E,,,,,I,Y,N,D,2,0,0,0,22107.0,1,38.31713663,-120.92077732,4
2016,2016-03-10,1505,3,1,15,4,N,B,N,A,H,A,A,01,W,03,F,,,,,A,Y,N,A,1,0,0,0,22350.0,1,38.26802,-120.91908,3
2016,2016-03-09,120,3,1,1,3,N,B,Y,A,H,D,A,01,E,08,E,,,,,I,Y,N,D,1,0,0,0,22107.0,1,38.36842628,-120.81605921,4
2016,2016-03-05,1425,3,1,14,6,N,B,N,B,H,A,A,07,S,08,E,,,,,I,Y,N,D,1,0,0,0,22107.0,2,38.51583658,-120.95073938,2
2016,2016-03-19,1620,3,1,16,6,Y,A,N,A,H,A,C,02,,08,F,,,Y,,A,N,N,D,1,0,0,1,22107.0,1,38.436291,-120.628881,4
2016,2016-03-18,1918,3,1,19,5,N,A,Y,A,H,A,A,07,W,03,C,,,,,C,Y,N,D,2,0,0,0,22350.0,3,38.3436246,-120.86845568,4
2016,2016-03-23,1540,3,1,15,3,N,A,N,A,H,A,D,22,E,08,E,,,,,I,Y,N,D,1,0,0,0,22107.0,1,38.46601002,-120.65269712,3
2016,2016-04-02,1140,4,1,11,6,N,A,N,A,H,A,C,02,E,05,F,,,Y,,A,Y,N,D,1,0,0,1,21650.0,1,38.53375688,-120.75811386,3
2016,2016-04-04,1515,4,1,15,1,N,A,N,A,H,A,A,01,S,01,E,,,,,I,Y,N,D,1,0,0,0,23152.0,1,38.39603389,-120.64308107,3
2016,2016-04-09,15,4,1,0,6,N,C,N,B,H,D,A,01,N,01,E,,,,,I,Y,N,D,1,0,0,0,23152.0,1,38.44525143,-120.53854826,3
2016,2016-04-06,1544,4,1,15,3,Y,A,Y,A,H,A,A,01,,09,D,,,,,C,Y,F,A,1,0,0,0,21802.0,2,,,3
2016,2016-04-09,1805,4,1,18,6,N,B,Y,B,H,A,D,22,W,05,F,,,,,A,Y,N,D,1,0,0,0,21650.0,1,38.35950509,-120.82190721,3
2016,2016-04-07,1705,4,1,17,4,Y,A,N,A,H,A,A,01,,09,D,,,,,C,Y,N,A,3,0,0,0,21802.0,2,38.34670991,-120.74321997,4
2016,2016-04-16,1205,4,1,12,6,N,A,N,A,H,A,C,02,W,08,F,,,Y,,A,Y,N,D,1,0,0,1,22107.0,1,38.45432249,-120.66641886,3
2016,2016-04-16,1255,4,1,12,6,N,A,Y,A,H,A,L,04,E,03,E,,Y,,,J,Y,N,D,1,0,1,0,22350.0,1,38.5152895,-120.46959775,3
2016,2016-04-15,1405,4,1,14,5,N,A,Y,A,H,A,D,22,E,03,C,,,,,C,N,N,D,1,0,0,0,22350.0,2,38.36086232,-120.74943102,4
2016,2016-04-18,2145,4,1,21,1,N,A,N,A,H,D,A,01,E,05,E,,,,,I,Y,N,D,1,0,0,0,21650.0,1,38.3191799,-120.68981979,4
2016,2016-04-24,1912,4,1,19,7,N,B,Y,B,H,A,A,07,W,08,E,,,,,I,Y,N,D,1,0,0,0,22107.0,1,38.54539444,-120.33613892,3
2016,2016-04-24,255,4,1,2,7,N,B,Y,A,H,D,I,11,N,05,E,,,,,I,Y,N,D,1,0,0,0,21650.0,1,38.54468378,-120.84818539,3
2016,2016-04-16,2330,4,1,23,6,N,A,N,A,H,D,A,01,E,05,F,,,,,A,Y,N,D,1,0,0,0,21650.0,1,38.40439725,-120.70012551,3
2016,2016-04-27,1620,4,1,16,3,Y,C,Y,B,H,A,A,01,,09,D,,,,,C,Y,N,A,2,0,0,0,21802.0,2,38.33008163,-120.90703181,4
2016,2016-04-23,905,4,1,9,6,N,A,Y,A,H,A,A,01,W,05,A,,,,,C,Y,N,D,2,0,0,0,21460.0,2,38.42518529,-120.59623321,3
2016,2016-05-02,945,5,1,9,1,N,A,Y,A,H,A,A,01,N,03,C,,,,,C,N,N,A,1,0,0,0,22350.0,2,38.36855337,-120.79695858,4
2016,2016-05-09,1418,5,1,14,1,N,A,N,A,H,A,C,02,N,03,F,,,Y,,A,Y,N,A,1,0,0,1,22350.0,1,38.37941452,-120.98614186,4
2016,2016-04-28,1310,4,1,13,4,N,A,N,A,H,A,D,22,W,05,A,,,,,C,Y,N,D,1,0,0,0,21460.0,2,38.45345136,-120.67063602,3
2016,2016-05-06,500,5,1,5,5,N,C,N,B,H,D,D,22,E,01,E,,,,,I,Y,N,D,1,0,0,0,23152.0,1,38.49961372,-120.61793941,2
2016,2016-05-13,1332,5,1,13,5,Y,A,Y,A,H,A,E,22,,09,D,,,,,C,Y,N,D,1,0,0,0,21802.0,2,38.32271175,-120.92662854,4
2016,2016-05-21,1420,5,1,14,6,N,B,Y,A,H,A,D,22,E,08,E,,,,,I,Y,N,D,1,0,0,0,22107.0,1,38.39324112,-120.6778706,3
2016,2016-05-21,1120,5,1,11,6,N,B,N,A,H,A,C,02,W,08,B,,,Y,,C,Y,N,D,1,0,0,1,22107.0,2,38.34330792,-120.80524911,4
2016,2016-05-18,1652,5,1,16,3,N,A,Y,A,H,A,A,07,W,03,F,,,,,A,Y,N,D,1,0,0,0,22350.0,1,38.34393185,-120.88026357,3
2016,2016-05-23,2154,5,1,21,1,N,A,N,A,H,D,C,02,E,03,F,,,Y,,A,Y,N,A,1,0,0,1,22350.0,1,38.34572,-120.75734,2
2016,2016-05-25,745,5,1,7,3,N,A,N,A,H,A,A,01,E,09,A,,,,,C,Y,N,A,2,0,0,0,21801.0,2,38.42721879,-120.63489318,4
2016,2016-05-22,1755,5,1,17,7,N,B,Y,A,H,A,A,01,S,01,E,,,,,I,Y,N,D,1,0,0,0,23152.0,1,38.5464187,-120.84788153,3
2016,2016-05-21,2230,5,1,22,6,N,A,Y,A,H,D,D,22,W,08,A,,,,,C,Y,N,D,5,0,0,0,22107.0,2,38.32811672,-120.91195855,3
2016,2016-05-31,1330,5,1,13,2,N,A,N,A,H,A,A,07,W,05,E,,,,,I,Y,N,D,1,0,0,0,21650.0,1,38.50899572,-120.7757523,4
2016,2016-06-01,1145,6,2,11,3,N,A,Y,A,H,A,A,01,W,05,E,,,,,I,Y,N,A,2,0,0,0,21650.0,1,38.54399452,-120.37892991,3
2016,2016-06-03,530,6,2,5,5,N,A,N,A,H,B,C,02,W,05,F,,,Y,,A,N,N,D,1,0,0,1,21650.0,1,38.40359422,-120.67510977,3
2016,2016-06-09,650,6,2,6,4,N,A,N,A,H,A,A,01,E,01,E,,,,,I,Y,N,D,1,0,0,0,23152.0,1,38.38395567,-120.78748745,3
2016,2016-04-16,2310,4,1,23,6,N,A,Y,A,H,D,D,22,E,01,F,,,,,A,Y,N,D,2,0,0,0,23152.0,1,38.63880277,-120.13821032,1
2016,2016-06-07,610,6,2,6,2,N,A,Y,A,H,A,F,26,W,05,E,,,,Y,I,Y,N,D,1,0,0,0,21650.0,1,38.70399994,-120.11234199,4
2016,2016-06-16,1945,6,2,19,4,N,A,N,A,H,A,A,01,S,05,E,,,,,I,Y,N,D,1,0,0,0,21650.0,1,38.39174539,-120.64253747,3
2016,2016-06-17,1335,6,2,13,5,N,A,Y,A,H,A,A,01,S,08,E,,,,,I,Y,N,D,1,0,0,0,22107.0,1,38.44980791,-120.86394427,3
2016,2016-06-16,1525,6,2,15,4,N,A,Y,A,H,A,C,02,E,08,F,,,Y,,A,Y,N,D,2,0,0,2,22107.0,1,38.45908147,-120.53090993,2
2016,2016-06-18,718,6,2,7,6,N,B,Y,A,H,A,A,01,W,05,F,,,,,I,Y,N,D,1,0,0,0,21650.0,1,38.38169386,-120.69394795,4
2016,2016-06-17,1515,6,2,15,5,Y,B,Y,A,H,A,A,07,,09,C,,,,,C,Y,N,A,1,0,0,0,21802.0,2,38.45312358,-120.91773656,4
2016,2016-06-26,1935,6,2,19,7,N,A,N,A,H,A,C,02,S,05,F,,,Y,,A,Y,N,D,1,0,0,1,21650.0,1,38.30548132,-120.96451834,3
2016,2016-06-18,1330,6,2,13,6,N,B,N,A,H,A,C,02,N,05,F,,,Y,,I,N,N,D,1,0,0,1,21650.0,1,38.46243595,-120.62377671,2
2016,2016-06-24,1312,6,2,13,5,N,A,Y,A,D,A,F,24,W,03,C,,,,Y,C,Y,N,A,2,0,0,0,22350.0,3,38.55608375,-120.2864624,4
2016,2016-06-27,1900,6,2,19,1,N,A,Y,A,H,A,A,01,N,16,H,,,,,A,Y,N,D,1,0,0,0,24002.0,1,38.40741379,-120.8331386,3
2016,2016-07-02,1050,7,2,10,6,N,A,Y,A,H,A,C,02,E,08,F,,,Y,,A,Y,N,D,1,0,0,1,22107.0,1,38.41864218,-120.55725729,4
2016,2016-06-24,1950,6,2,19,5,N,A,N,A,H,A,A,01,W,05,E,,,,,I,Y,N,D,1,0,0,0,21650.0,1,38.53296378,-120.76651454,3
2016,2016-06-18,1600,6,2,16,6,N,B,Y,A,H,A,D,22,E,01,E,,,,,I,Y,N,D,1,0,0,0,23152.0,1,38.47093307,-120.52675041,4
2016,2016-06-27,219,6,2,2,1,N,A,Y,A,H,D,A,07,S,05,E,,,,,I,Y,N,D,0,0,0,0,21650.0,1,38.44779116,-120.86242212,1
2016,2016-06-10,28,6,2,0,5,N,A,Y,A,H,D,A,01,W,05,A,,,,,C,Y,N,D,2,0,0,0,21650.0,2,38.4721698,-120.98192705,1
2016,2016-07-06,655,7,2,6,3,Y,A,N,A,H,A,A,01,,09,D,,,Y,,C,Y,F,A,1,0,0,1,21801.0,2,38.40041993,-120.73259996,4
2016,2016-07-15,1430,7,2,14,5,N,A,Y,A,H,A,A,07,E,03,E,,,,,I,Y,N,D,1,0,0,0,22350.0,1,38.39052155,-120.77021373,3
2016,2016-07-10,1000,7,2,10,7,N,A,Y,A,H,A,A,01,E,05,B,,,,,C,Y,N,D,1,0,0,0,21460.0,2,38.49229721,-120.51104037,4
2016,2016-06-19,630,6,2,6,7,N,A,N,A,H,A,A,01,E,05,A,,,,,C,Y,N,D,2,0,0,0,21460.0,2,38.40123362,-120.75171446,1
2016,2016-07-11,1424,7,2,14,1,N,A,N,A,H,A,A,01,N,08,E,,,,,I,Y,N,D,0,0,0,0,22107.0,1,38.27512632,-120.88477843,1
2016,2016-07-20,2130,7,2,21,3,N,A,Y,A,H,D,D,22,N,05,E,,,,,I,Y,N,D,1,0,0,0,21650.0,1,38.32019705,-120.72505365,3
2016,2016-07-23,2230,7,2,22,6,N,A,Y,A,H,D,-,- ,W,18,H,,,,,H,Y,N,D,1,0,0,0,,1,38.48172815,-121.01895604,4
2016,2016-07-20,1920,7,2,19,3,N,A,N,A,H,A,D,22,E,05,E,,,,,I,Y,N,D,1,0,0,0,21650.0,1,38.53503919,-120.24331894,2
2016,2016-07-17,1245,7,2,12,7,N,A,N,A,H,A,C,02,W,05,F,,,Y,,A,Y,N,D,1,0,0,1,21650.0,1,38.43250531,-120.62237263,2
2016,2016-07-23,2110,7,2,21,6,N,A,Y,A,H,D,A,01,W,03,E,,,,,I,Y,N,D,1,0,0,0,22350.0,1,,,4
2016,2016-07-21,1624,7,2,16,4,N,A,N,A,H,A,A,01,W,05,E,,,,,I,Y,N,D,1,0,0,0,21650.0,1,38.40279163,-120.68222674,3
2016,2016-07-26,1235,7,2,12,2,N,A,Y,A,H,A,G,25,E,05,E,,,,Y,I,Y,N,A,1,0,0,0,21650.0,1,38.45951233,-120.5299326,4
2016,2016-07-23,2230,7,2,22,6,N,A,N,A,H,D,A,01,N,01,E,,,,,I,Y,N,D,1,0,0,0,23152.0,1,38.36810287,-120.76308135,2
2016,2016-07-25,1240,7,2,12,1,N,A,Y,A,H,A,A,07,N,01,F,,,,,A,Y,N,D,1,0,0,0,23152.0,1,38.42037405,-120.5694135,3
2016,2016-07-23,1800,7,2,18,6,N,A,Y,A,H,A,A,07,E,05,E,,,,,I,Y,N,D,1,0,0,0,21650.0,1,38.43355649,-120.56201696,3
2016,2016-05-17,1105,5,1,11,2,N,A,Y,A,H,A,D,22,S,05,A,,,,,C,Y,N,D,1,0,0,0,21460.0,2,38.43214774,-120.85249338,1
2016,2016-07-29,2049,7,2,20,5,N,A,Y,A,H,D,D,22,W,01,E,,,,,I,Y,N,D,1,0,0,0,23152.0,1,38.45451213,-120.5304174,3
2016,2016-08-05,205,8,2,2,5,N,A,N,A,H,D,D,22,S,01,E,,,,,I,Y,N,D,1,0,0,0,23152.0,1,38.51845565,-120.95304608,4
2016,2016-07-31,1520,7,2,15,7,N,A,N,A,H,A,A,01,N,01,E,,,,,I,Y,N,D,1,0,0,0,23152.0,1,38.49520338,-120.935793,3
2016,2016-08-01,1840,8,2,18,1,N,A,N,A,H,A,D,22,E,08,F,,,,,A,N,N,D,1,0,0,0,22107.0,1,38.25894839,-120.91912628,4
2016,2016-08-11,1430,8,2,14,4,N,A,N,A,H,A,A,01,E,08,D,,,,,C,Y,N,D,2,0,0,0,22107.0,2,38.42347476,-120.76603832,4
2016,2016-08-11,1810,8,2,18,4,N,A,Y,A,H,A,A,07,S,08,E,,,,,I,Y,N,D,1,0,0,0,22107.0,1,38.33991063,-120.91708092,2
2016,2016-08-09,2213,8,2,22,2,Y,A,Y,A,H,D,A,01,,09,D,,,,,C,Y,N,B,1,0,0,0,21802.0,2,38.44078808,-120.85499436,3
2016,2016-08-08,1532,8,2,15,1,N,A,Y,A,H,A,A,01,W,08,A,,,,,C,Y,N,D,3,0,0,0,22107.0,2,38.34382686,-120.8830619,2
2016,2016-07-23,1930,7,2,19,6,N,A,N,A,H,A,A,01,S,08,F,,,,,I,Y,F,D,1,0,0,0,22107.0,1,38.26612142,-120.9376114,3
2016,2016-08-09,1530,8,2,15,2,N,A,Y,A,H,A,D,22,N,05,E,,,,,I,Y,N,D,1,0,0,0,21650.0,1,38.42108868,-120.57580034,3
2016,2016-03-28,2256,3,1,22,1,N,A,Y,A,H,D,J,48,E,03,C,,,,,C,Y,N,D,2,0,0,0,22350.0,3,38.45754101,-120.92726496,1
2016,2016-08-22,955,8,2,9,1,N,C,Y,B,H,A,E,22,W,03,F,,,,,A,Y,N,D,1,0,0,0,22350.0,1,38.53716803,-120.40016782,4
2016,2016-08-18,1100,8,2,11,4,N,A,N,A,C,A,A,01,E,03,C,,,,,C,Y,N,A,2,0,0,0,22350.0,3,38.38774227,-120.77537645,3
2016,2016-08-28,1720,8,2,17,7,N,A,Y,A,H,A,C,02,W,06,B,,,Y,,C,N,N,D,1,0,0,1,21750.0,2,38.40088215,-120.63581635,4