ACCIDENT_YEAR,COLLISION_DATE,COLLISION_TIME,MONTH,SEASON,24HOURS,DAY_OF_WEEK,INTERSECTION,WEATHER_1,STATE_HWY_IND,ROAD_SURFACE,ROAD_COND_1,LIGHTING,STWD_VEHTYPE_AT_FAULT,CHP_VEHTYPE_AT_FAULT,DIRECTION,PCF_VIOL_CATEGORY,TYPE_OF_COLLISION,PEDESTRIAN_ACCIDENT,BICYCLE_ACCIDENT,MOTORCYCLE_ACCIDENT,TRUCK_ACCIDENT,MVIW,TOW_AWAY,HIT_AND_RUN,CONTROL_DEVICE,NUMBER_INJURED,COUNT_PED_INJURED,COUNT_BICYCLIST_INJURED,COUNT_MC_INJURED,PCF_VIOLATION,PARTY_COUNT,POINT_Y,POINT_X,COLLISION_SEVERITY
2020,2020-05-24,1620,5,1,16,7,N,A,N,A,H,A,A,01,W,03,C,,,,,C,Y,N,D,2,0,0,0,22350.0,2,38.4004020690918,-120.7531280517578,3
2020,2020-06-03,830,6,2,8,3,N,A,Y,A,H,A,-,99,E,03,C,,,,,C,N,M,A,1,0,0,0,22350.0,2,38.36227035522461,-120.73387908935548,4
2020,2020-06-03,1330,6,2,13,3,N,A,Y,A,H,A,A,07,W,03,C,,,,,C,Y,N,D,1,0,0,0,22350.0,4,38.34318542480469,-120.86997985839844,4
2020,2020-06-02,1130,6,2,11,2,N,A,Y,A,H,A,A,07,E,05,B,,,,,C,Y,N,D,3,0,0,0,21460.0,2,38.40529251098633,-120.64328002929688,2
2020,2020-06-07,501,6,2,5,7,N,A,N,A,H,D,D,22,N,05,E,,,,,I,Y,N,D,1,0,0,0,21650.0,1,38.44050598144531,-120.63211059570312,3
2020,2020-06-06,1610,6,2,16,6,N,A,N,A,H,A,A,07,E,03,C,,,,,C,Y,N,D,2,0,0,0,22350.0,2,38.29621505737305,-120.94698333740234,4
2020,2020-06-04,700,6,2,7,4,Y,A,Y,A,H,A,A,01,,12,D,,,,,C,Y,N,A,1,0,0,0,22450.0,2,38.452178955078125,-120.528564453125,4
2020,2020-06-06,40,6,2,0,6,N,A,Y,A,H,D,A,07,W,01,E,,,,,I,Y,N,D,1,0,0,0,23152.0,1,38.344062805175774,-120.86489868164062,2
2020,2020-06-17,1650,6,2,16,3,N,A,N,A,H,A,A,07,N,05,B,,,,,C,Y,N,D,2,0,0,0,21460.0,2,38.51005172729492,-120.82534790039062,3
2020,2020-06-12,1430,6,2,14,5,N,A,N,A,H,A,A,01,W,05,E,,,,,I,Y,N,D,1,0,0,0,21650.0,1,38.40399932861328,-120.70800018310548,3
2020,2020-06-17,1845,6,2,18,3,N,A,Y,A,H,A,A,07,E,01,E,,,,,I,Y,N,D,1,0,0,0,23152.0,1,38.46028518676758,-120.52723693847656,3
2020,2020-06-16,5,6,2,0,2,N,A,N,A,H,D,C,02,E,08,F,,,Y,,A,N,N,D,1,0,0,1,22107.0,1,38.40394592285156,-120.70785522460938,2
2020,2020-05-27,950,5,1,9,3,N,A,Y,A,H,A,J,48,E,05,E,,,,,I,Y,N,D,1,0,0,0,21650.0,1,38.49656677246094,-120.50669860839844,2
2020,2020-06-19,1025,6,2,10,5,Y,A,Y,A,H,A,D,22,,04,D,,,,,C,Y,N,D,2,0,0,0,21703.0,2,38.655372619628906,-120.13438415527344,4
2020,2020-06-19,1950,6,2,19,5,N,A,N,A,H,A,D,22,N,01,E,,,,,I,Y,N,D,2,0,0,0,23152.0,1,38.388328552246094,-120.99373626708984,2
2020,2020-07-01,1200,7,2,12,3,N,A,Y,A,H,A,A,07,E,09,E,,,,,I,Y,N,A,2,0,0,0,21802.0,2,38.45289993286133,-120.91675567626952,4
2020,2020-07-05,1643,7,2,16,7,N,A,Y,A,H,A,C,02,N,03,F,,,Y,,A,Y,N,A,1,0,0,1,22350.0,1,38.359825134277344,-120.82120513916016,3
2020,2020-07-05,1730,7,2,17,7,N,A,Y,A,H,A,C,02,S,05,E,,,Y,,I,Y,N,D,1,0,0,1,21650.0,1,38.4504508972168,-120.86440277099608,4
2020,2020-07-07,1055,7,2,10,2,N,A,N,A,H,A,A,01,W,01,E,,,,,I,Y,N,A,1,0,0,0,23152.0,1,38.38199615478516,-120.79186248779295,3
2020,2020-07-02,1420,7,2,14,4,N,A,N,A,H,A,A,07,N,08,E,,,,,I,Y,N,D,1,0,0,0,22107.0,1,38.27702713012695,-120.8886947631836,4
2020,2020-07-08,2030,7,2,20,3,N,A,Y,A,H,D,-,- ,S,18,H,,,Y,,H,N,N,D,1,0,0,1,,1,38.52965545654297,-120.84729766845705,3
2020,2020-07-09,950,7,2,9,4,N,A,Y,A,H,A,A,07,E,05,E,,,,,I,Y,N,D,1,0,0,0,21650.0,1,38.45943069458008,-120.5294952392578,4
2020,2020-07-16,1834,7,2,18,4,N,A,N,A,H,A,B,07,E,05,E,,,,,I,N,N,D,1,0,0,0,21650.0,1,38.504741668701165,-120.76351165771484,3
2020,2020-09-28,524,9,3,5,1,N,A,Y,A,H,C,D,22,S,09,A,,,,,C,Y,N,D,1,0,0,0,21801.0,2,38.367820739746094,-120.95692443847656,2
2020,2020-03-09,630,3,1,6,1,Y,A,Y,-,H,D,A,01,,09,D,,,Y,,C,Y,N,D,1,0,0,1,21801.0,3,38.367374420166016,-120.95565032958984,2
2020,2020-02-25,29,2,4,0,2,N,A,Y,A,H,C,A,01,S,08,D,,,,,C,Y,N,-,1,0,0,0,22107.0,2,38.355712890625,-120.93702697753906,2
2020,2020-07-17,1530,7,2,15,5,N,A,N,A,H,D,A,01,S,01,E,,,,,I,N,N,D,1,0,0,0,23152.0,1,38.46187973022461,-120.65712738037108,3
2020,2020-07-23,1405,7,2,14,4,N,A,Y,A,H,A,C,02,W,05,B,,,Y,,C,Y,N,D,1,0,0,1,21460.0,2,38.42024230957031,-120.60115051269533,2
2020,2020-07-26,1140,7,2,11,7,Y,A,Y,A,H,A,A,01,,03,C,,,,,C,Y,N,D,2,0,0,0,22350.0,2,38.4646873474121,-120.96302032470705,3
2020,2020-07-31,2040,7,2,20,5,Y,A,N,A,H,C,A,07,,16,E,,,,,I,Y,N,A,1,0,0,0,24002.0,1,38.387391,-120.73715,3
2020,2020-07-29,1520,7,2,15,3,N,A,Y,A,H,A,-,99,W,06,B,,,Y,,C,Y,F,D,1,0,0,1,21755.0,2,38.38613510131836,-120.68115997314452,3
2020,2020-08-02,2030,8,2,20,7,N,A,Y,A,H,D,A,01,W,08,E,,,,,I,Y,N,D,1,0,0,0,22107.0,1,38.358936309814446,-120.7575912475586,4
2020,2020-08-02,1520,8,2,15,7,N,A,Y,A,H,A,A,01,W,06,B,,,,,C,Y,N,D,1,0,0,0,21755.0,2,38.63198852539063,-120.17137908935548,4
2020,2020-08-07,2148,8,2,21,5,N,A,Y,A,H,D,A,01,S,05,E,,,,,I,Y,N,D,1,0,0,0,21650.0,1,38.447280883789055,-120.86190795898438,4
2020,2020-08-09,1700,8,2,17,7,N,A,N,A,H,A,C,02,S,05,F,,,Y,,A,N,N,D,1,0,0,1,21650.0,1,38.491329193115234,-120.83139801025392,3
2020,2020-08-07,1450,8,2,14,5,N,A,Y,A,H,A,A,07,W,08,E,,,,,I,Y,N,D,1,0,0,0,22107.0,1,38.42000579833984,-120.57079315185548,2
2020,2020-08-11,935,8,2,9,2,N,A,Y,A,H,A,C,02,N,08,E,,,Y,,I,Y,N,D,1,0,0,1,22107.0,1,38.4517822265625,-120.61807250976562,2
2020,2020-08-15,845,8,2,8,6,N,A,N,A,H,A,D,22,E,05,B,,,,,C,Y,N,D,1,0,0,0,21460.0,2,38.27154922485352,-120.87458801269533,3
2020,2020-08-14,1845,8,2,18,5,N,A,N,A,H,A,D,22,W,01,E,,,,,I,Y,N,D,1,0,0,0,23152.0,1,38.4038200378418,-120.70750427246094,3
2020,2020-08-06,10,8,2,0,4,N,A,N,A,H,D,D,22,N,01,E,,,,,I,Y,N,D,1,0,0,0,23152.0,1,38.45060729980469,-120.5201416015625,4
2020,2020-08-10,2130,8,2,21,1,N,A,N,A,H,D,-,- ,N,18,H,,,,,H,Y,N,D,1,0,0,0,,2,38.30977249145508,-120.90158081054688,3
2020,2020-08-13,1350,8,2,13,4,N,A,Y,A,H,A,C,02,E,08,B,,,Y,,C,N,N,D,1,0,0,1,22107.0,2,38.54610061645508,-120.35243988037108,2
2020,2020-07-25,1630,7,2,16,6,Y,A,N,A,H,A,A,08,,12,F,,,Y,,A,Y,N,A,1,0,0,1,21453.0,2,38.400421142578125,-120.73259735107422,3
2020,2020-07-05,1320,7,2,13,7,N,A,N,A,H,A,C,02,W,01,E,,,Y,,I,Y,N,D,0,0,0,0,23152.0,1,38.48056411743164,-120.86586761474608,1
2020,2020-08-20,1710,8,2,17,4,N,A,Y,A,H,A,A,01,N,03,C,,,,,C,Y,N,D,1,0,0,0,22350.0,3,38.36544799804688,-120.79042816162108,4
2020,2020-08-20,135,8,2,1,4,N,A,N,A,H,D,A,01,E,05,E,,,,,I,Y,N,D,1,0,0,0,21650.0,1,38.251174926757805,-120.908935546875,2
2020,2020-08-17,2045,8,2,20,1,N,A,N,A,H,D,A,07,W,03,E,,,,,I,Y,N,D,4,0,0,0,22350.0,1,38.340702056884766,-120.81092834472656,2
2020,2020-08-17,700,8,2,7,1,N,A,Y,A,H,A,A,07,N,08,E,,,,,I,Y,N,D,1,0,0,0,22107.0,1,38.420169830322266,-120.57042694091795,3
2020,2020-08-14,30,8,2,0,5,N,A,N,A,H,D,C,02,W,03,D,,,Y,,C,N,N,D,1,0,0,1,22350.0,2,38.42435073852539,-120.59217071533205,3
2020,2020-07-23,1405,7,2,14,4,N,A,N,A,H,A,A,01,S,08,E,,,,,I,Y,N,D,0,0,0,0,22107.0,1,38.51271438598633,-120.95025634765624,1
2020,2020-08-22,1810,8,2,18,6,N,A,Y,A,H,A,A,01,E,01,E,,,,,I,Y,N,D,1,0,0,0,23152.0,1,38.33617782592773,-120.897705078125,3
2020,2020-08-27,1610,8,2,16,4,N,A,Y,A,H,A,D,22,W,05,F,,,,,A,Y,N,D,1,0,0,0,21650.0,1,38.703372955322266,-120.09014892578124,3
2020,2020-08-28,1345,8,2,13,5,N,A,Y,A,H,A,B,07,E,05,B,,,,Y,C,Y,N,D,2,0,0,0,21460.0,2,38.52873611450195,-120.43027496337892,2
2020,2020-08-31,1830,8,2,18,1,N,A,Y,A,H,A,D,22,W,03,C,,,,,C,Y,N,D,1,0,0,0,22350.0,2,38.345413208007805,-120.85832977294922,3
2020,2020-08-29,225,8,2,2,6,N,A,N,A,H,A,D,22,N,01,E,,,,,I,Y,N,D,2,0,0,0,23152.0,1,38.504669189453125,-120.94379425048828,2
2020,2020-09-07,1655,9,3,16,1,N,A,Y,A,H,A,D,22,S,01,E,,,,,I,Y,N,D,2,0,0,0,23152.0,1,38.41730880737305,-120.59638214111328,2
2020,2020-09-03,1730,9,3,17,4,N,A,N,A,H,A,D,22,N,05,E,,,,,I,Y,N,D,1,0,0,0,21650.0,1,38.43264389038086,-120.89968872070312,3
2020,2020-09-04,1550,9,3,15,5,N,A,Y,A,H,A,A,01,W,09,A,,,Y,,C,Y,N,A,2,0,0,1,21801.0,2,38.47511672973633,-120.52569580078124,3
2020,2020-09-13,2312,9,3,23,7,N,A,Y,A,H,D,A,07,S,01,E,,,,,I,Y,N,D,1,0,0,0,23152.0,1,38.36562728881836,-120.78827667236328,3
2020,2020-07-29,2055,7,2,20,3,N,A,Y,A,H,D,A,07,W,03,D,Y,,,,C,Y,N,D,3,1,0,0,22350.0,3,38.32270431518555,-120.92666625976562,2
2020,2020-09-12,2224,9,3,22,6,N,A,Y,A,G,D,A,01,E,03,C,Y,,,,C,Y,N,D,3,2,0,0,22350.0,5,,,2
2020,2020-09-15,1355,9,3,13,2,N,A,N,A,H,A,N,60,W,11,G,Y,,,,B,N,N,A,1,1,0,0,21950.0,2,38.37051010131836,-120.79857635498048,2
2020,2020-09-17,1202,9,3,12,4,N,A,Y,A,H,A,A,07,E,04,C,,,,,C,N,N,D,1,0,0,0,21703.0,2,38.3450584411621,-120.85948944091795,4
2020,2020-09-17,605,9,3,6,4,N,A,Y,A,H,D,D,22,N,05,B,,,,,C,Y,N,D,1,0,0,0,21650.0,2,38.40827178955078,-120.889404296875,3
2020,2020-09-25,1116,9,3,11,5,N,A,N,A,H,A,L,04,S,03,C,,Y,,,G,N,N,D,1,0,1,0,22350.0,2,38.361526489257805,-120.96523284912108,3
2020,2020-09-26,1643,9,3,16,6,N,A,Y,A,H,A,A,01,N,05,B,,,,,C,Y,N,D,1,0,0,0,21650.0,2,38.36781692504882,-120.79638671875,3
2020,2020-09-28,525,9,3,5,1,N,A,Y,A,H,D,A,07,E,05,E,,,,,I,Y,N,D,1,0,0,0,21650.0,1,38.400150299072266,-120.62979888916016,3
2020,2020-09-21,2333,9,3,23,1,N,B,N,A,H,D,A,01,E,12,E,,,,,I,Y,N,A,1,0,0,0,22450.0,2,38.47325897216797,-120.6259994506836,4
2020,2020-09-24,1320,9,3,13,4,N,A,Y,A,H,A,C,02,E,05,E,,,Y,,I,Y,N,D,1,0,0,1,21650.0,1,38.46023941040039,-120.52723693847656,3
2020,2020-09-24,630,9,3,6,4,N,A,Y,A,H,B,A,08,E,05,E,,,,,I,Y,N,D,1,0,0,0,21650.0,1,38.619731903076165,-120.21914672851562,3
2020,2020-09-26,2120,9,3,21,6,N,A,Y,A,H,D,A,01,E,01,C,,,,,C,Y,N,D,1,0,0,0,23152.0,2,38.32344818115234,-120.92290496826172,4
2020,2020-08-04,1700,8,2,17,2,Y,A,N,A,H,A,C,02,,01,F,,,Y,,A,Y,N,D,0,0,0,0,23152.0,1,38.25891876220703,-120.91925048828124,1
2020,2020-09-27,1920,9,3,19,7,Y,A,Y,A,H,D,A,01,,09,D,,,,,C,Y,N,D,8,0,0,0,21802.0,2,38.30855178833008,-120.97032165527344,4
2020,2020-09-26,1505,9,3,15,6,N,A,Y,A,H,A,A,01,E,08,E,,,,,I,Y,N,D,1,0,0,0,22107.0,1,38.559532165527344,-120.27214050292967,4
2020,2020-10-03,1155,10,3,11,6,Y,A,Y,A,H,A,C,02,,12,D,,,Y,,C,Y,N,A,1,0,0,1,22450.0,2,38.36109924316406,-120.80690002441406,3
2020,2020-10-04,2200,10,3,22,7,N,A,Y,A,H,C,A,01,N,01,D,,,,,C,Y,N,D,1,0,0,0,23152.0,2,38.36529541015625,-120.79116058349608,3
2020,2020-10-03,650,10,3,6,6,N,A,Y,A,H,A,I,11,W,08,E,,,,,I,Y,N,D,1,0,0,0,22107.0,1,38.545459747314446,-120.3375244140625,2
2020,2020-08-22,1730,8,2,17,6,N,A,Y,A,H,C,C,02,N,01,F,,,Y,,A,Y,N,D,0,0,0,0,23152.0,1,38.4180908203125,-120.56218719482422,1
2020,2020-10-12,1510,10,3,15,1,Y,A,Y,A,H,A,A,01,,03,C,,,,Y,C,N,N,D,1,0,0,0,22350.0,2,38.40681076049805,-120.67007446289062,4
2020,2020-07-12,1230,7,2,12,7,N,A,Y,A,H,A,A,01,W,01,E,,,,,I,Y,N,D,2,0,0,0,23152.0,1,38.5228385925293,-120.44687652587892,2
2020,2020-10-11,1330,10,3,13,7,Y,A,Y,A,H,A,D,22,,09,D,,,,,C,Y,N,A,1,0,0,0,21802.0,2,38.39923095703125,-120.81826782226562,4
2020,2020-10-11,2145,10,3,21,7,N,A,Y,A,H,D,A,01,E,03,E,,,,,I,Y,N,D,1,0,0,0,22350.0,1,38.459510803222656,-120.52993774414062,3
2020,2020-10-17,1730,10,3,17,6,N,A,Y,A,H,D,D,22,W,03,C,,,,,C,N,N,D,2,0,0,0,22350.0,2,38.35361099243164,-120.83319854736328,4
2020,2020-10-19,220,10,3,2,1,N,A,Y,A,H,D,A,07,N,01,E,,,,,I,Y,N,D,1,0,0,0,23152.0,1,38.38923645019531,-120.81472778320312,3
2020,2020-10-22,755,10,3,7,4,N,A,Y,A,H,A,D,22,N,03,C,,,,,C,Y,N,D,1,0,0,0,22350.0,3,38.33163833618164,-120.93592834472656,3
2020,2020-10-16,1055,10,3,10,5,Y,A,Y,A,H,A,D,22,,09,D,,,,,C,Y,N,A,3,0,0,0,21802.0,4,38.453155517578125,-120.91785430908205,4
2020,2020-10-27,1850,10,3,18,2,N,A,Y,A,H,D,A,07,E,01,E,,,,,I,Y,N,D,1,0,0,0,23152.0,1,38.46038436889648,-120.52724456787108,3
2020,2020-11-01,530,11,3,5,7,N,A,Y,A,H,D,F,26,E,08,E,,,,Y,I,Y,N,D,1,0,0,0,22107.0,1,38.59111022949219,-120.22962188720705,2
2020,2020-11-03,2237,11,3,22,2,N,A,Y,A,H,D,-,- ,N,18,H,,,,,H,Y,N,D,1,0,0,0,,1,38.54426956176758,-120.84840393066406,4
2020,2020-10-28,1936,10,3,19,3,N,A,Y,A,H,D,C,02,S,05,E,,,Y,,I,Y,N,D,1,0,0,1,21650.0,1,38.4503173828125,-120.8643035888672,3
2020,2020-11-05,730,11,3,7,4,Y,A,Y,A,H,B,A,07,,03,C,,,,,C,Y,N,A,1,0,0,0,22350.0,3,38.36720657348633,-120.79590606689452,4
2020,2020-11-06,1010,11,3,10,5,N,B,Y,B,H,A,A,01,N,05,A,,,,,C,Y,N,D,1,0,0,0,21460.0,2,38.42161560058594,-120.54755401611328,3
2020,2020-11-09,1355,11,3,13,1,N,A,Y,A,H,A,A,07,N,08,D,,,,,C,Y,N,D,2,0,0,0,22100.0,2,38.45525360107422,-120.86482238769533,3
2020,2020-11-13,1330,11,3,13,5,N,B,Y,C,H,A,A,01,E,05,D,,,,,C,Y,N,D,1,0,0,0,21460.0,2,38.624507904052734,-120.20287322998048,4
2020,2020-11-18,1825,11,3,18,3,N,B,Y,B,H,D,L,04,E,08,F,,Y,,,A,N,N,D,1,0,1,0,22107.0,1,38.337310791015625,-120.89654541015624,3
2020,2020-11-18,1130,11,3,11,3,N,B,Y,B,H,A,A,01,S,03,E,,,,,I,Y,N,D,1,0,0,0,22350.0,1,38.41841506958008,-120.59857177734376,4
2020,2020-11-18,1855,11,3,18,3,N,C,N,B,H,D,A,01,W,03,C,,,,,C,Y,N,A,2,0,0,0,22350.0,2,38.364551544189446,-120.79995727539062,4
2020,2020-11-18,1755,11,3,17,3,N,B,Y,B,H,C,D,22,W,09,D,,,,,C,Y,N,D,1,0,0,0,21801.0,2,38.364200592041016,-120.80062103271484,3
2020,2020-11-19,2105,11,3,21,4,N,A,Y,A,H,D,A,01,E,05,F,,,,,A,Y,N,D,1,0,0,0,21650.0,1,38.625164031982415,-120.19692230224608,4
2020,2020-11-23,945,11,3,9,1,N,A,Y,C,H,A,D,22,E,03,E,,,,,I,Y,N,D,2,0,0,0,22350.0,1,38.63259506225586,-120.1602783203125,3
2020,2020-11-23,2110,11,3,21,1,N,A,Y,A,H,D,A,07,S,01,E,,,,,I,Y,N,D,1,0,0,0,23152.0,1,38.52772521972656,-120.84701538085938,4
2020,2020-11-27,1718,11,3,17,5,N,A,N,A,H,D,-,- ,S,18,G,Y,,,,B,N,N,D,1,1,0,0,,2,38.27995681762695,-120.91152191162108,2
2020,2020-11-30,2337,11,3,23,1,N,A,Y,A,H,D,A,01,W,01,E,,,,,I,Y,N,D,1,0,0,0,23152.0,1,38.361663818359375,-120.73966979980467,4
2020,2020-11-29,1515,11,3,15,7,N,A,N,A,H,A,A,01,W,08,E,,,,,I,Y,N,D,1,0,0,0,22107.0,1,38.358680725097656,-120.9688720703125,3
2020,2020-12-01,1415,12,4,14,2,N,A,Y,A,H,A,A,01,E,05,D,,,,,C,Y,N,D,1,0,0,0,21460.0,3,38.333961486816406,-120.89836883544922,3
2020,2020-12-03,1720,12,4,17,4,N,A,N,A,H,D,A,07,W,03,C,,,Y,,C,Y,N,D,2,0,0,1,22350.0,3,38.41572952270508,-120.6902313232422,3
2020,2020-12-02,1640,12,4,16,3,N,A,N,A,H,C,D,22,E,05,E,,,,,I,Y,N,D,1,0,0,0,21650.0,1,38.5038948059082,-120.5211181640625,4
2020,2020-11-22,1117,11,3,11,7,N,A,N,A,H,A,A,01,S,01,A,,,,,C,Y,N,D,3,0,0,0,23152.0,2,38.28711318969727,-120.91160583496094,3
2020,2020-12-13,910,12,4,9,7,N,B,N,B,H,A,A,01,E,03,E,,,,,I,Y,N,D,1,0,0,0,22350.0,1,38.37636566162109,-120.87234497070312,4
2020,2020-12-11,2030,12,4,20,5,N,C,N,B,H,D,E,22,N,03,E,,,,,I,Y,N,A,1,0,0,0,22350.0,1,38.47337341308594,-120.62610626220705,4
2020,2020-12-10,505,12,4,5,4,N,A,Y,A,H,D,A,01,N,08,D,,,,,D,Y,N,D,2,0,0,0,22107.0,2,38.39027786254882,-120.8152313232422,4
2020,2020-11-04,2315,11,3,23,3,N,A,Y,A,H,D,A,01,W,01,A,,,,,C,Y,N,D,0,0,0,0,23152.0,2,38.353302001953125,-120.8337860107422,1
2020,2020-12-08,1730,12,4,17,2,Y,A,Y,A,H,C,D,22,,09,C,,,,,C,N,N,A,1,0,0,0,21802.0,2,38.453140258789055,-120.91780853271484,3
2020,2020-12-10,1324,12,4,13,4,N,A,N,A,H,A,C,02,W,03,E,,,Y,Y,J,Y,N,A,1,0,0,1,22350.0,2,38.27822113037109,-120.87030029296876,3
2020,2020-12-15,1535,12,4,15,2,Y,B,N,A,H,A,A,01,,03,C,,,,,C,Y,N,D,2,0,0,0,22350.0,2,38.39896011352539,-120.73719787597656,3
2020,2020-12-13,2310,12,4,23,7,N,B,N,B,H,D,A,07,W,05,E,,,,,I,Y,N,D,1,0,0,0,21650.0,1,38.3983154296875,-120.73941802978516,3
2020,2020-12-19,645,12,4,6,6,N,A,Y,B,H,D,A,01,E,05,A,,,,,C,Y,N,D,2,0,0,0,21460.0,2,38.3636474609375,-120.72174072265624,4
2020,2020-12-19,815,12,4,8,6,N,A,N,B,H,A,D,22,E,03,E,,,,,I,Y,N,D,1,0,0,0,22350.0,1,38.49774932861328,-120.68691253662108,3
2020,2020-12-22,1513,12,4,15,2,N,A,N,B,H,A,D,22,W,05,F,,,,,A,Y,N,D,1,0,0,0,21650.0,1,38.50899505615234,-120.77574920654295,3
2020,2020-11-08,1635,11,3,16,7,N,A,Y,A,H,A,D,22,W,01,F,,,,,A,Y,N,D,0,0,0,0,23152.0,1,38.44976425170898,-120.89857482910156,1
2020,2020-12-25,1800,12,4,18,5,N,B,Y,B,H,D,A,01,W,03,C,,,,,C,Y,N,D,4,0,0,0,22350.0,2,38.347923278808594,-120.85050201416016,3
2020,2020-12-28,1000,12,4,10,1,N,B,Y,C,H,A,A,07,W,03,E,,,,,I,Y,N,D,1,0,0,0,22350.0,1,38.54444122314453,-120.37789916992188,3
2020,2020-12-30,2350,12,4,23,3,N,C,N,B,H,D,A,01,S,08,E,,,,,I,Y,N,D,1,0,0,0,22107.0,1,38.2441291809082,-120.88160705566406,4
2020,2020-12-24,1200,12,4,12,4,N,B,Y,A,H,A,D,22,S,13,H,,,,,J,Y,N,D,1,0,0,0,22515.0,1,38.37038040161133,-120.79837036132812,2
2020,2020-11-13,1505,11,3,15,5,N,B,Y,B,H,A,A,07,S,08,D,,,,,C,Y,N,D,3,0,0,0,22107.0,2,38.45079803466797,-120.8646240234375,1
2020,2020-09-28,1845,9,3,18,1,Y,A,N,A,H,B,L,04,,12,H,,Y,,,G,N,N,A,1,0,1,0,22450.0,2,38.48492050170898,-120.84967803955078,3
2020,2020-08-17,1309,8,2,13,1,Y,A,Y,A,H,A,D,72,,01,C,,,,,C,Y,N,A,2,0,0,0,23152.0,2,38.3816795349121,-120.80555725097656,3
2020,2020-09-23,1536,9,3,15,3,N,A,Y,A,H,A,A,01,S,03,C,,,,,C,N,N,A,1,0,0,0,22350.0,2,38.3816795349121,-120.80555725097656,4
2020,2020-10-23,43,10,3,0,5,N,A,N,A,H,C,A,01,S,03,E,,,,,I,Y,N,D,1,0,0,0,22350.0,1,38.37364959716797,-120.80169677734376,4
2020,2020-02-15,1920,2,4,19,6,N,A,N,A,H,D,A,07,W,00,C,,,,,E,Y,N,D,1,0,0,0,23103.0,2,38.348480224609375,-120.94376373291016,3
2020,2020-12-05,908,12,4,9,6,N,A,N,A,H,A,A,01,N,08,E,,,,,I,N,N,D,1,0,0,0,22107.0,1,38.39643096923828,-120.80576324462892,3
2020,2020-03-02,1952,3,1,19,1,N,A,N,A,H,C,L,04,S,05,C,,Y,,,G,N,N,D,1,0,1,0,21202.0,2,38.35350799560546,-120.94693756103516,3
2020,2020-10-13,1602,10,3,16,2,N,A,Y,A,H,A,A,01,N,09,D,,,,,C,Y,N,A,1,0,0,0,21804.0,2,38.355247497558594,-120.77971649169922,1
2020,2020-12-06,1654,12,4,16,7,N,A,Y,A,H,C,A,01,N,09,D,,,,,C,N,N,D,1,0,0,0,21804.0,2,38.3792381286621,-120.8027114868164,3
2020,2020-09-17,1154,9,3,11,4,Y,A,Y,A,H,A,A,01,,03,C,,,,,C,N,N,A,1,0,0,0,22350.0,2,38.35041809082031,-120.7754135131836,4